{
    "accuracy": 0.8465789473684211,
    "macro_f1": 0.8459269577943317
}