{
    "accuracy": 0.8478947368421053,
    "macro_f1": 0.8473502336010327
}